epoch,loss,reward 1,reward 2,total winrate,agent 1 winrate,agent 2 winrate
0,0,-100,-99.05,1.0,1.0,1.0
100,36.86242160201073,-100,-98.25,1.0,0.8712871287128713,0.5841584158415841
200,0.9087138772010803,-100,-98.25,1.0,0.7860696517412935,0.48258706467661694
